"","leafsp","trt","area","lesion1","lesion2","lesion3","totlesion","Unattributed.infection.area","tot.lesion","percent.infection","X","medMAP","hostorigin","minMAP","maxMAP","rangeMAP","Isolate","code","Bosque","pathogenorigin","DRY_DEFICIT","percent0","control","delete","cntrls","difference"
"1","aspicr","1",2819.84,0,0,0,0,"0",0,0,1,2595.327,2647.21843319838,2037.433,3276.092,1238.659,"411Laciag","4","Oleoducto",2330,-549.423,0,"live","Control",0.00405466399654749,-0.00405466399654749
"2","aspicr","2",2823.139,26.471,8.684,0,35.155,"0",35.155,0.0124524509774404,1,2595.327,2647.21843319838,2037.433,3276.092,1238.659,"411Laciag","4","Oleoducto",2330,-549.423,1,"live","Control",0,0.0124524509774404
"3","aspicr","3",3044.66,0,0,0,0,"0",0,0,1,2595.327,2647.21843319838,2037.433,3276.092,1238.659,"411Laciag","4","Oleoducto",2330,-549.423,0,"live","Control",0,0
"4","aspicr","4",3085.184,0,0,0,0,"0",0,0,1,2595.327,2647.21843319838,2037.433,3276.092,1238.659,"411Laciag","4","Oleoducto",2330,-549.423,0,"live","Control",0,0
"5","aspicr","5",2385.502,15.241,11.675,17.896,44.812,"0",44.812,0.0187851445943034,1,2595.327,2647.21843319838,2037.433,3276.092,1238.659,"411Laciag","4","Oleoducto",2330,-549.423,1,"live","Control",0,0.0187851445943034
"6","castel","1",2355.401,25,75.26,0,100.26,"2255.141",100.26,0.0425660004389911,2,2038.218,2074.2806626506,1874.868,2602.37,727.502,"411Laciag","4","Oleoducto",2330,-549.423,1,"live","Control",0,0.0425660004389911
"7","castel","3",3265.901,0,0,0,0,"0",0,0,2,2038.218,2074.2806626506,1874.868,2602.37,727.502,"411Laciag","4","Oleoducto",2330,-549.423,0,"live","Control",0.0099086053077446,-0.0099086053077446
"8","castel","4",2127.691,0,0,0,0,"0",0,0,2,2038.218,2074.2806626506,1874.868,2602.37,727.502,"411Laciag","4","Oleoducto",2330,-549.423,0,"live","Control",0,0
"9","castel","5",1454.66,0,0,0,0,"0",0,0,2,2038.218,2074.2806626506,1874.868,2602.37,727.502,"411Laciag","4","Oleoducto",2330,-549.423,0,"live","Control",0.0699667244445844,-0.0699667244445844
"10","dendar","1",3127.319,0,0,0,0,"0",0,0,3,2829.485,2653.96964566929,1755.882,3276.092,1520.21,"411Laciag","4","Oleoducto",2330,-549.423,0,"live","Control",0.0180747825487097,-0.0180747825487097
"11","dendar","2",6672.806,0,0,0,0,"0",0,0,3,2829.485,2653.96964566929,1755.882,3276.092,1520.21,"411Laciag","4","Oleoducto",2330,-549.423,0,"live","Control",0.00482297684300984,-0.00482297684300984
"12","dendar","3",3303.918,0,0,0,0,"0",0,0,3,2829.485,2653.96964566929,1755.882,3276.092,1520.21,"411Laciag","4","Oleoducto",2330,-549.423,0,"live","Control",0.00321213525045115,-0.00321213525045115
"13","dendar","4",4272.425,0,0,0,0,"0",0,0,3,2829.485,2653.96964566929,1755.882,3276.092,1520.21,"411Laciag","4","Oleoducto",2330,-549.423,0,"live","Control",0,0
"14","dendar","5",3255.963,7.78,0,0,7.78,"0",7.78,0.00238946204241264,3,2829.485,2653.96964566929,1755.882,3276.092,1520.21,"411Laciag","4","Oleoducto",2330,-549.423,1,"live","Control",0,0.00238946204241264
"15","mourmy","1",305.861,8.768,4.743,0,13.511,"0",13.511,0.0441736605843831,5,2580.578,2623.11627240143,2563.317,2864.436,301.119,"411Laciag","4","Oleoducto",2330,-549.423,1,"live","Control",0.0285656834464508,0.0156079771379323
"16","mourmy","2",197.479,22.235,15.435,7.19,44.86,"0",44.86,0.227163394588792,5,2580.578,2623.11627240143,2563.317,2864.436,301.119,"411Laciag","4","Oleoducto",2330,-549.423,1,"live","Control",0.0791049180491855,0.148058476539606
"17","ormoma","1",3503.136,0,0,0,0,"0",0,0,6,2580.578,2581.15754545455,2037.433,2864.436,827.003,"411Laciag","4","Oleoducto",2330,-549.423,0,"live","Control",0,0
"18","ormoma","2",2836.894,0,0,0,0,"0",0,0,6,2580.578,2581.15754545455,2037.433,2864.436,827.003,"411Laciag","4","Oleoducto",2330,-549.423,0,"live","Control",0,0
"19","ormoma","3",1823.42,24.823,0,0,24.823,"0",24.823,0.0136134297090083,6,2580.578,2581.15754545455,2037.433,2864.436,827.003,"411Laciag","4","Oleoducto",2330,-549.423,1,"live","Control",0,0.0136134297090083
"20","ormoma","4",1794.553,0,0,0,0,"0",0,0,6,2580.578,2581.15754545455,2037.433,2864.436,827.003,"411Laciag","4","Oleoducto",2330,-549.423,0,"live","Control",0.00732644718792215,-0.00732644718792215
"21","ormoma","5",1917.816,0,0,0,0,"0",0,0,6,2580.578,2581.15754545455,2037.433,2864.436,827.003,"411Laciag","4","Oleoducto",2330,-549.423,0,"live","Control",0,0
"22","randar","1",1025.245,44.593,61.553,46.008,152.154,"0",152.154,0.148407453828109,7,2615.432,2696.05803703704,2563.317,2847.856,284.539,"411Laciag","4","Oleoducto",2330,-549.423,1,"live","Control",0,0.148407453828109
"23","randar","2",1073.488,5.677,0,0,5.677,"0",5.677,0.00528836838418315,7,2615.432,2696.05803703704,2563.317,2847.856,284.539,"411Laciag","4","Oleoducto",2330,-549.423,1,"live","Control",0,0.00528836838418315
"24","randar","3",1114.689,4.43,4.857,0,9.287,"0",9.287,0.00833147182756805,7,2615.432,2696.05803703704,2563.317,2847.856,284.539,"411Laciag","4","Oleoducto",2330,-549.423,1,"live","Control",0.0531960120391272,-0.0448645402115591
"25","randar","4",664.774,22.203,55.423,20.856,98.482,"0",98.482,0.148143579622548,7,2615.432,2696.05803703704,2563.317,2847.856,284.539,"411Laciag","4","Oleoducto",2330,-549.423,1,"live","Control",0.0281424847815139,0.120001094841034
"26","randar","5",1089.977,6.766,16.509,9.692,32.967,"0",32.967,0.0302455923381869,7,2615.432,2696.05803703704,2563.317,2847.856,284.539,"411Laciag","4","Oleoducto",2330,-549.423,1,"live","Control",0.0130490304393235,0.0171965618988634
"27","tri2pa","1",1025.725,13.029,9.182,14.391,36.602,"",36.602,0.0356840283701772,9,2050.593,2157.9315,2037.433,2602.37,564.937,"411Laciag","4","Oleoducto",2330,-549.423,1,"live","Control",0,0.0356840283701772
"28","tri2pa","2",827.309,9.73,6.551,10.945,27.226,"0",27.226,0.0329091065128023,9,2050.593,2157.9315,2037.433,2602.37,564.937,"411Laciag","4","Oleoducto",2330,-549.423,1,"live","Control",0,0.0329091065128023
"29","tri2pa","3",882.948,7.232,7.418,6.419,21.069,"0",21.069,0.023862107394773,9,2050.593,2157.9315,2037.433,2602.37,564.937,"411Laciag","4","Oleoducto",2330,-549.423,1,"live","Control",0.0201700356462858,0.00369207174848719
"30","tri2pa","4",1471.448,0,0,0,0,"0",0,0,9,2050.593,2157.9315,2037.433,2602.37,564.937,"411Laciag","4","Oleoducto",2330,-549.423,0,"live","Control",0.0112864673441457,-0.0112864673441457
"31","tri2pa","5",851.279,41.167,18.967,7.176,67.31,"0",67.31,0.0790692593145138,9,2050.593,2157.9315,2037.433,2602.37,564.937,"411Laciag","4","Oleoducto",2330,-549.423,1,"live","Control",0.0378555041767889,0.0412137551377249
"32","aspicr","1",2495.845,0,0,0,0,"0",0,0,1,2595.327,2647.21843319838,2037.433,3276.092,1238.659,"713Propta","7","Sherman",3203,-491.669,0,"live","Control",0,0
"33","aspicr","2",2017.017,0,0,0,0,"0",0,0,1,2595.327,2647.21843319838,2037.433,3276.092,1238.659,"713Propta","7","Sherman",3203,-491.669,0,"live","Control",0,0
"34","aspicr","3",2134.022,21.93,55.884,268.306,346.12,"0",346.12,0.162191392591079,1,2595.327,2647.21843319838,2037.433,3276.092,1238.659,"713Propta","7","Sherman",3203,-491.669,1,"live","Control",0,0.162191392591079
"35","aspicr","4",1718.824,105.121,104.746,38.366,248.233,"0",248.233,0.144420254778849,1,2595.327,2647.21843319838,2037.433,3276.092,1238.659,"713Propta","7","Sherman",3203,-491.669,1,"live","Control",0,0.144420254778849
"36","aspicr","5",1702.288,0,0,0,0,"0",0,0,1,2595.327,2647.21843319838,2037.433,3276.092,1238.659,"713Propta","7","Sherman",3203,-491.669,0,"live","Control",0,0
"37","castel","1",1997.123,110.387,0,0,110.387,"",110.387,0.055273010225209,2,2038.218,2074.2806626506,1874.868,2602.37,727.502,"713Propta","7","Sherman",3203,-491.669,1,"live","Control",0,0.055273010225209
"38","castel","2",2450.772,60.679,0,0,60.679,"",60.679,0.0247591371208746,2,2038.218,2074.2806626506,1874.868,2602.37,727.502,"713Propta","7","Sherman",3203,-491.669,1,"live","Control",0,0.0247591371208746
"39","castel","3",2394.333,0,0,0,0,"2394.333",0,0,2,2038.218,2074.2806626506,1874.868,2602.37,727.502,"713Propta","7","Sherman",3203,-491.669,0,"live","Control",0.0121506360934831,-0.0121506360934831
"40","castel","4",1590.315,0,0,0,0,"1590.315",0,0,2,2038.218,2074.2806626506,1874.868,2602.37,727.502,"713Propta","7","Sherman",3203,-491.669,0,"live",NA,NA,NA
"41","castel","5",2268.385,0,0,0,0,"0",0,0,2,2038.218,2074.2806626506,1874.868,2602.37,727.502,"713Propta","7","Sherman",3203,-491.669,0,"live","Control",0,0
"42","dendar","1",3013.852,0,0,0,0,"0",0,0,3,2829.485,2653.96964566929,1755.882,3276.092,1520.21,"713Propta","7","Sherman",3203,-491.669,0,"live","Control",0,0
"43","dendar","2",2437.852,0,0,0,0,"0",0,0,3,2829.485,2653.96964566929,1755.882,3276.092,1520.21,"713Propta","7","Sherman",3203,-491.669,0,"live","Control",0,0
"44","dendar","3",3365.172,1469.144,0,0,1469.144,"",1469.144,0.436573227163426,3,2829.485,2653.96964566929,1755.882,3276.092,1520.21,"713Propta","7","Sherman",3203,-491.669,1,"live","Control",0,0.436573227163426
"45","dendar","4",2567.384,2122.916,0,0,2122.916,"0",2122.916,0.826879033288359,3,2829.485,2653.96964566929,1755.882,3276.092,1520.21,"713Propta","7","Sherman",3203,-491.669,1,"live","Control",0.770214386565594,0.0566646467227645
"46","dendar","5",2806.527,2696.36,0,0,2696.36,"0",2696.36,0.960746146393746,3,2829.485,2653.96964566929,1755.882,3276.092,1520.21,"713Propta","7","Sherman",3203,-491.669,1,"live","Control",0,0.960746146393746
"47","mourmy","1",202.54,3.6,2.83,5.29,11.72,"0",11.72,0.0578651130640861,5,2580.578,2623.11627240143,2563.317,2864.436,301.119,"713Propta","7","Sherman",3203,-491.669,1,"live","Control",0.0539705566301311,0.003894556433955
"48","mourmy","2",255.784,0,0,0,0,"0",0,0,5,2580.578,2623.11627240143,2563.317,2864.436,301.119,"713Propta","7","Sherman",3203,-491.669,0,"live","Control",0.0773569198751301,-0.0773569198751301
"49","mourmy","3",149.032,2.66,2.291,3.144,8.095,"0.618",8.095,0.0543171936228461,5,2580.578,2623.11627240143,2563.317,2864.436,301.119,"713Propta","7","Sherman",3203,-491.669,1,"live","Control",0.042653813181635,0.0116633804412111
"50","mourmy","4",149.149,0,0,0,0,"0",0,0,5,2580.578,2623.11627240143,2563.317,2864.436,301.119,"713Propta","7","Sherman",3203,-491.669,0,"live","Control",0.0627751754086166,-0.0627751754086166
"51","mourmy","5",117.002,4.43,3.271,0,7.701,"0",7.701,0.0658193877027743,5,2580.578,2623.11627240143,2563.317,2864.436,301.119,"713Propta","7","Sherman",3203,-491.669,1,"live","Control",0.0676897122780951,-0.00187032457532076
"52","ormoma","1",2586.882,0,0,0,0,"0",0,0,6,2580.578,2581.15754545455,2037.433,2864.436,827.003,"713Propta","7","Sherman",3203,-491.669,0,"live","Control",0,0
"53","ormoma","2",2283.82,0,0,0,0,"0",0,0,6,2580.578,2581.15754545455,2037.433,2864.436,827.003,"713Propta","7","Sherman",3203,-491.669,0,"live","Control",0,0
"54","ormoma","3",4711.21,0,0,0,0,"0",0,0,6,2580.578,2581.15754545455,2037.433,2864.436,827.003,"713Propta","7","Sherman",3203,-491.669,0,"live","Control",0,0
"55","ormoma","4",4352.27,0,0,0,0,"0",0,0,6,2580.578,2581.15754545455,2037.433,2864.436,827.003,"713Propta","7","Sherman",3203,-491.669,0,"live","Control",0,0
"56","ormoma","5",2300.322,0,0,0,0,"0",0,0,6,2580.578,2581.15754545455,2037.433,2864.436,827.003,"713Propta","7","Sherman",3203,-491.669,0,"live","Control",0,0
"57","randar","1",786.225,0,0,0,0,"0",0,0,7,2615.432,2696.05803703704,2563.317,2847.856,284.539,"713Propta","7","Sherman",3203,-491.669,0,"live","Control",0,0
"58","randar","2",1032.855,0,0,0,0,"0",0,0,7,2615.432,2696.05803703704,2563.317,2847.856,284.539,"713Propta","7","Sherman",3203,-491.669,0,"live","Control",0,0
"59","randar","3",877.623,0,0,0,0,"0",0,0,7,2615.432,2696.05803703704,2563.317,2847.856,284.539,"713Propta","7","Sherman",3203,-491.669,0,"live","Control",0,0
"60","randar","4",956.789,4.059,0,0,4.059,"0",4.059,0.00424231465871786,7,2615.432,2696.05803703704,2563.317,2847.856,284.539,"713Propta","7","Sherman",3203,-491.669,1,"live","Control",0.0273136798485402,-0.0230713651898224
"61","randar","5",1056.852,0,0,0,0,"0",0,0,7,2615.432,2696.05803703704,2563.317,2847.856,284.539,"713Propta","7","Sherman",3203,-491.669,0,"live","Control",0.036888905257856,-0.036888905257856
"62","tri2pa","1",1280.004,0,0,0,0,"0",0,0,9,2050.593,2157.9315,2037.433,2602.37,564.937,"713Propta","7","Sherman",3203,-491.669,0,"live","Control",0,0
"63","tri2pa","2",2289.999,0,0,0,0,"0",0,0,9,2050.593,2157.9315,2037.433,2602.37,564.937,"713Propta","7","Sherman",3203,-491.669,0,"live","Control",0,0
"64","tri2pa","3",1990.916,0,0,0,0,"0",0,0,9,2050.593,2157.9315,2037.433,2602.37,564.937,"713Propta","7","Sherman",3203,-491.669,0,"live","Control",0,0
"65","tri2pa","4",2289.069,0,0,0,0,"0",0,0,9,2050.593,2157.9315,2037.433,2602.37,564.937,"713Propta","7","Sherman",3203,-491.669,0,"live","Control",0,0
"66","tri2pa","5",2482.531,0,0,0,0,"0",0,0,9,2050.593,2157.9315,2037.433,2602.37,564.937,"713Propta","7","Sherman",3203,-491.669,0,"live","Control",0,0
"67","aspicr","1",4086.147,0,0,0,0,"0",0,0,1,2595.327,2647.21843319838,2037.433,3276.092,1238.659,"1217Anacex","1","Metropolitano",1874,-574.926,0,"live","Control",0,0
"68","aspicr","2",5429.117,29.232,34.734,19.89,83.856,"0",83.856,0.0154456056113729,1,2595.327,2647.21843319838,2037.433,3276.092,1238.659,"1217Anacex","1","Metropolitano",1874,-574.926,1,"live","Control",0,0.0154456056113729
"69","aspicr","3",4075.786,0,0,3708.799,3708.799,"0",3708.799,0.909959207868127,1,2595.327,2647.21843319838,2037.433,3276.092,1238.659,"1217Anacex","1","Metropolitano",1874,-574.926,1,"live","Control",0,0.909959207868127
"70","aspicr","4",3082.796,0,0,0,0,"0",0,0,1,2595.327,2647.21843319838,2037.433,3276.092,1238.659,"1217Anacex","1","Metropolitano",1874,-574.926,0,"live","Control",0,0
"71","aspicr","5",6520.352,0,0,0,3866.316,"0",0,0,1,2595.327,2647.21843319838,2037.433,3276.092,1238.659,"1217Anacex","1","Metropolitano",1874,-574.926,0,"live","Control",0,0
"72","castel","1",5545.765,26.487,67.406,165.475,259.368,"2166.938",259.368,0.046768660410241,2,2038.218,2074.2806626506,1874.868,2602.37,727.502,"1217Anacex","1","Metropolitano",1874,-574.926,1,"live","Control",0,0.046768660410241
"73","castel","2",4504.702,0,0,0,0,"4504.702",0,0,2,2038.218,2074.2806626506,1874.868,2602.37,727.502,"1217Anacex","1","Metropolitano",1874,-574.926,0,"live","Control",0,0
"74","castel","3",1400.643,0,0,0,0,"1400.643",0,0,2,2038.218,2074.2806626506,1874.868,2602.37,727.502,"1217Anacex","1","Metropolitano",1874,-574.926,0,"live","Control",0,0
"75","castel","4",1718.752,0,0,0,0,"1718.752",0,0,2,2038.218,2074.2806626506,1874.868,2602.37,727.502,"1217Anacex","1","Metropolitano",1874,-574.926,0,"live","Control",0,0
"76","castel","5",2331.82,0,0,0,0,"2331.82",0,0,2,2038.218,2074.2806626506,1874.868,2602.37,727.502,"1217Anacex","1","Metropolitano",1874,-574.926,0,"live","Control",0,0
"77","dendar","1",4162.012,45.318,0,0,45.318,"0",45.318,0.0108884837429589,3,2829.485,2653.96964566929,1755.882,3276.092,1520.21,"1217Anacex","1","Metropolitano",1874,-574.926,1,"live","Control",0,0.0108884837429589
"78","dendar","2",3448.586,56.288,0,0,56.288,"0",56.288,0.0163220519946436,3,2829.485,2653.96964566929,1755.882,3276.092,1520.21,"1217Anacex","1","Metropolitano",1874,-574.926,1,"live","Control",0,0.0163220519946436
"79","dendar","3",3401.762,22.214,36.839,0,59.053,"0",59.053,0.0173595330890286,3,2829.485,2653.96964566929,1755.882,3276.092,1520.21,"1217Anacex","1","Metropolitano",1874,-574.926,1,"live","Control",0,0.0173595330890286
"80","dendar","4",5366.314,0,0,0,0,"0",0,0,3,2829.485,2653.96964566929,1755.882,3276.092,1520.21,"1217Anacex","1","Metropolitano",1874,-574.926,0,"live","Control",0,0
"81","dendar","5",3933.757,23.165,0,0,23.165,"0",23.165,0.00588877248899716,3,2829.485,2653.96964566929,1755.882,3276.092,1520.21,"1217Anacex","1","Metropolitano",1874,-574.926,1,"live","Control",0,0.00588877248899716
"82","mourmy","1",775.947,17.142,12.625,4.835,34.602,"0",34.602,0.0445932518586965,5,2580.578,2623.11627240143,2563.317,2864.436,301.119,"1217Anacex","1","Metropolitano",1874,-574.926,1,"live","Control",0,0.0445932518586965
"83","mourmy","2",588.009,203.518,0,0,203.518,"0",203.518,0.346113749959609,5,2580.578,2623.11627240143,2563.317,2864.436,301.119,"1217Anacex","1","Metropolitano",1874,-574.926,1,"live","Control",0,0.346113749959609
"84","mourmy","3",346.06,0,0,0,0,"346.06",0,0,5,2580.578,2623.11627240143,2563.317,2864.436,301.119,"1217Anacex","1","Metropolitano",1874,-574.926,0,"live","Control",0,0
"85","mourmy","4",496.256,47.322,30.781,47.72,125.823,"0",125.823,0.253544541526954,5,2580.578,2623.11627240143,2563.317,2864.436,301.119,"1217Anacex","1","Metropolitano",1874,-574.926,1,"live","Control",0,0.253544541526954
"86","mourmy","5",532.613,172.677,0,0,172.677,"0",172.677,0.324207257427062,5,2580.578,2623.11627240143,2563.317,2864.436,301.119,"1217Anacex","1","Metropolitano",1874,-574.926,1,"live","Control",0.0265494304718947,0.297657826955168
"87","ormoma","1",5753.951,0,0,0,0,"0",0,0,6,2580.578,2581.15754545455,2037.433,2864.436,827.003,"1217Anacex","1","Metropolitano",1874,-574.926,0,"live","Control",0,0
"88","ormoma","2",10173.427,0,0,0,0,"0",0,0,6,2580.578,2581.15754545455,2037.433,2864.436,827.003,"1217Anacex","1","Metropolitano",1874,-574.926,0,"live","Control",0,0
"89","ormoma","3",8638.764,0,0,0,0,"0",0,0,6,2580.578,2581.15754545455,2037.433,2864.436,827.003,"1217Anacex","1","Metropolitano",1874,-574.926,0,"live","Control",0,0
"90","ormoma","4",7134.813,0,0,0,0,"0",0,0,6,2580.578,2581.15754545455,2037.433,2864.436,827.003,"1217Anacex","1","Metropolitano",1874,-574.926,0,"live","Control",0,0
"91","ormoma","5",5010.458,0,0,0,0,"0",0,0,6,2580.578,2581.15754545455,2037.433,2864.436,827.003,"1217Anacex","1","Metropolitano",1874,-574.926,0,"live","Control",0,0
"92","randar","1",2362.734,2362.734,0,0,2362.734,"0",2362.734,1,7,2615.432,2696.05803703704,2563.317,2847.856,284.539,"1217Anacex","1","Metropolitano",1874,-574.926,1,"live","Control",0,1
"93","randar","2",2314.171,2314.171,0,0,2314.171,"0",2314.171,1,7,2615.432,2696.05803703704,2563.317,2847.856,284.539,"1217Anacex","1","Metropolitano",1874,-574.926,1,"live","Control",0,1
"94","randar","3",3733.332,3634.77,0,0,3634.77,"0",3634.77,0.973599454856948,7,2615.432,2696.05803703704,2563.317,2847.856,284.539,"1217Anacex","1","Metropolitano",1874,-574.926,1,"live","Control",0,0.973599454856948
"95","randar","4",2643.523,2643.523,0,0,2643.523,"0",2643.523,1,7,2615.432,2696.05803703704,2563.317,2847.856,284.539,"1217Anacex","1","Metropolitano",1874,-574.926,1,"live","Control",0,1
"96","randar","5",2135.19,2130.697,0,0,2130.697,"0",2130.697,0.997895737615856,7,2615.432,2696.05803703704,2563.317,2847.856,284.539,"1217Anacex","1","Metropolitano",1874,-574.926,1,"live","Control",0,0.997895737615856
"97","tri2pa","1",3782.431,71.457,281.792,85.826,439.075,"0",439.075,0.116082752071353,9,2050.593,2157.9315,2037.433,2602.37,564.937,"1217Anacex","1","Metropolitano",1874,-574.926,1,"live","Control",0,0.116082752071353
"98","tri2pa","2",3315.802,62.633,35.718,57.959,156.31,"0",156.31,0.0471409330231419,9,2050.593,2157.9315,2037.433,2602.37,564.937,"1217Anacex","1","Metropolitano",1874,-574.926,1,"live","Control",0,0.0471409330231419
"99","tri2pa","3",3038.598,83.572,0,0,83.572,"0",83.572,0.0275034736414623,9,2050.593,2157.9315,2037.433,2602.37,564.937,"1217Anacex","1","Metropolitano",1874,-574.926,1,"live","Control",0,0.0275034736414623
"100","tri2pa","4",4673.925,0,0,0,0,"",0,0,9,2050.593,2157.9315,2037.433,2602.37,564.937,"1217Anacex","1","Metropolitano",1874,-574.926,0,"live","Control",0,0
"101","tri2pa","5",3790.295,506.626,0,0,506.626,"",506.626,0.133664002406145,9,2050.593,2157.9315,2037.433,2602.37,564.937,"1217Anacex","1","Metropolitano",1874,-574.926,1,"live","Control",0,0.133664002406145
"102","aspicr","1",3441.619,2982.122,0,0,2982.122,"0",2982.122,0.866488126663643,1,2595.327,2647.21843319838,2037.433,3276.092,1238.659,"1330Laciag","1","Metropolitano",1874,-574.926,1,"live","Control",0,0.866488126663643
"103","aspicr","2",4025.017,0,0,0,0,"4025.017",0,0,1,2595.327,2647.21843319838,2037.433,3276.092,1238.659,"1330Laciag","1","Metropolitano",1874,-574.926,0,"live","Control",0.891258744685688,-0.891258744685688
"104","aspicr","3",3028.268,2412.539,0,0,2412.539,"0",2412.539,0.796672883641738,1,2595.327,2647.21843319838,2037.433,3276.092,1238.659,"1330Laciag","1","Metropolitano",1874,-574.926,1,"live","Control",0,0.796672883641738
"105","aspicr","4",4464.615,164.296,323.789,655.057,1143.142,"0",1143.142,0.256044922126544,1,2595.327,2647.21843319838,2037.433,3276.092,1238.659,"1330Laciag","1","Metropolitano",1874,-574.926,1,"live","Control",0,0.256044922126544
"106","aspicr","5",3667.107,0,0,0,0,"100",0,0,1,2595.327,2647.21843319838,2037.433,3276.092,1238.659,"1330Laciag","1","Metropolitano",1874,-574.926,0,"live","Control",0.485363825095148,-0.485363825095148
"107","castel","1",3317.801,287.138,0,0,287.138,"495.05",287.138,0.0865446722090927,2,2038.218,2074.2806626506,1874.868,2602.37,727.502,"1330Laciag","1","Metropolitano",1874,-574.926,1,"live","Control",0,0.0865446722090927
"108","castel","2",2966.227,0,0,0,0,"2966.227",0,0,2,2038.218,2074.2806626506,1874.868,2602.37,727.502,"1330Laciag","1","Metropolitano",1874,-574.926,0,"live","Control",0,0
"109","castel","3",3415.299,0,0,0,0,"22.456",0,0,2,2038.218,2074.2806626506,1874.868,2602.37,727.502,"1330Laciag","1","Metropolitano",1874,-574.926,0,"live","Control",0,0
"110","castel","4",6528.093,0,0,0,0,"176.826",0,0,2,2038.218,2074.2806626506,1874.868,2602.37,727.502,"1330Laciag","1","Metropolitano",1874,-574.926,0,"live","Control",0,0
"111","castel","5",4200.684,2403.019,0,0,2403.019,"0",2403.019,0.572054217836905,2,2038.218,2074.2806626506,1874.868,2602.37,727.502,"1330Laciag","1","Metropolitano",1874,-574.926,1,"live","Control",0,0.572054217836905
"112","dendar","1",5133.293,0,0,0,0,"0",0,0,3,2829.485,2653.96964566929,1755.882,3276.092,1520.21,"1330Laciag","1","Metropolitano",1874,-574.926,0,"live","Control",0,0
"113","dendar","2",6108.149,0,0,0,0,"0",0,0,3,2829.485,2653.96964566929,1755.882,3276.092,1520.21,"1330Laciag","1","Metropolitano",1874,-574.926,0,"live","Control",0,0
"114","dendar","3",8669.353,0,0,0,0,"0",0,0,3,2829.485,2653.96964566929,1755.882,3276.092,1520.21,"1330Laciag","1","Metropolitano",1874,-574.926,0,"live","Control",0,0
"115","dendar","4",3608.61,29.535,36.81,0,66.345,"0",66.345,0.01838519540765,3,2829.485,2653.96964566929,1755.882,3276.092,1520.21,"1330Laciag","1","Metropolitano",1874,-574.926,1,"live","Control",0,0.01838519540765
"116","dendar","5",5271.567,0,0,0,0,"0",0,0,3,2829.485,2653.96964566929,1755.882,3276.092,1520.21,"1330Laciag","1","Metropolitano",1874,-574.926,0,"live","Control",0,0
"117","mourmy","1",447.902,0,0,0,0,"0",0,0,5,2580.578,2623.11627240143,2563.317,2864.436,301.119,"1330Laciag","1","Metropolitano",1874,-574.926,0,"live","Control",0,0
"118","mourmy","2",160.562,0,0,0,0,"0",0,0,5,2580.578,2623.11627240143,2563.317,2864.436,301.119,"1330Laciag","1","Metropolitano",1874,-574.926,0,"live","Control",0,0
"119","mourmy","3",577.723,16.968,0,0,16.968,"0",16.968,0.0293704768548249,5,2580.578,2623.11627240143,2563.317,2864.436,301.119,"1330Laciag","1","Metropolitano",1874,-574.926,1,"live","Control",0.00880709532166501,0.0205633815331599
"120","mourmy","4",495.412,0,0,0,0,"0",0,0,5,2580.578,2623.11627240143,2563.317,2864.436,301.119,"1330Laciag","1","Metropolitano",1874,-574.926,0,"live","Control",0,0
"121","mourmy","5",314.447,6.933,0,0,6.933,"0",6.933,0.0220482307034254,5,2580.578,2623.11627240143,2563.317,2864.436,301.119,"1330Laciag","1","Metropolitano",1874,-574.926,1,"live","Control",0.0419734981406798,-0.0199252674372544
"122","ormoma","1",2987.23,0,0,0,0,"0",0,0,6,2580.578,2581.15754545455,2037.433,2864.436,827.003,"1330Laciag","1","Metropolitano",1874,-574.926,0,"live","Control",0,0
"123","ormoma","2",2996.166,0,0,0,0,"0",0,0,6,2580.578,2581.15754545455,2037.433,2864.436,827.003,"1330Laciag","1","Metropolitano",1874,-574.926,0,"live","Control",0,0
"124","ormoma","3",4898.969,0,0,0,0,"0",0,0,6,2580.578,2581.15754545455,2037.433,2864.436,827.003,"1330Laciag","1","Metropolitano",1874,-574.926,0,"live","Control",0,0
"125","ormoma","4",7277.135,0,0,0,0,"0",0,0,6,2580.578,2581.15754545455,2037.433,2864.436,827.003,"1330Laciag","1","Metropolitano",1874,-574.926,0,"live","Control",0,0
"126","ormoma","5",6423.147,0,0,0,0,"0",0,0,6,2580.578,2581.15754545455,2037.433,2864.436,827.003,"1330Laciag","1","Metropolitano",1874,-574.926,0,"live","Control",0,0
"127","randar","1",1580.808,42.582,134.257,61.356,238.195,"0",238.195,0.150679272878174,7,2615.432,2696.05803703704,2563.317,2847.856,284.539,"1330Laciag","1","Metropolitano",1874,-574.926,1,"live","Control",0.919702486465769,-0.769023213587596
"128","randar","2",1292.947,33.305,22.5,0,55.805,"0",55.805,0.043161088582904,7,2615.432,2696.05803703704,2563.317,2847.856,284.539,"1330Laciag","1","Metropolitano",1874,-574.926,1,"live","Control",0.00846921222229589,0.0346918763606081
"129","randar","3",1384.47,1384.47,0,0,1384.47,"0",1384.47,1,7,2615.432,2696.05803703704,2563.317,2847.856,284.539,"1330Laciag","1","Metropolitano",1874,-574.926,1,"live","Control",0,1
"130","randar","4",1080.926,1032.673,0,0,1032.673,"0",1032.673,0.955359571330507,7,2615.432,2696.05803703704,2563.317,2847.856,284.539,"1330Laciag","1","Metropolitano",1874,-574.926,1,"live","Control",0,0.955359571330507
"131","randar","5",980.955,13.691,8.674,0,22.365,"0",22.365,0.0227992109729804,7,2615.432,2696.05803703704,2563.317,2847.856,284.539,"1330Laciag","1","Metropolitano",1874,-574.926,1,"live","Control",0.91300069311168,-0.8902014821387
"132","soroaf","1",10083.723,0,0,0,0,"37.743",0,0,8,2491.762,2456.09698726115,2037.433,3276.092,1238.659,"1330Laciag","1","Metropolitano",1874,-574.926,0,"live","Control",0,0
"133","soroaf","2",4953.469,0,0,0,0,"0",0,0,8,2491.762,2456.09698726115,2037.433,3276.092,1238.659,"1330Laciag","1","Metropolitano",1874,-574.926,0,"live","Control",0,0
"134","soroaf","3",6573.712,2132.783,0,0,2132.783,"0",2132.783,0.324441198519193,8,2491.762,2456.09698726115,2037.433,3276.092,1238.659,"1330Laciag","1","Metropolitano",1874,-574.926,1,"live","Control",0.413191425671163,-0.08875022715197
"135","soroaf","4",3466.326,384.325,241.292,0,625.617,"23.912",625.617,0.180484178349065,8,2491.762,2456.09698726115,2037.433,3276.092,1238.659,"1330Laciag","1","Metropolitano",1874,-574.926,1,"live","Control",0,0.180484178349065
"136","soroaf","5",8356.33,0,0,0,0,"0",0,0,8,2491.762,2456.09698726115,2037.433,3276.092,1238.659,"1330Laciag","1","Metropolitano",1874,-574.926,0,"live","Control",0.244679118215262,-0.244679118215262
"137","aspicr","1",3372.428,0,0,0,0,"0",0,0,1,2595.327,2647.21843319838,2037.433,3276.092,1238.659,"3216Anacex","3","Charco",2051,-579.148,0,"live","Control",0,0
"138","aspicr","2",2782.857,0,0,0,0,"0",0,0,1,2595.327,2647.21843319838,2037.433,3276.092,1238.659,"3216Anacex","3","Charco",2051,-579.148,0,"live","Control",0.495771631436656,-0.495771631436656
"139","aspicr","3",2227.042,77.036,435.224,0,512.26,"0",512.26,0.230018113713168,1,2595.327,2647.21843319838,2037.433,3276.092,1238.659,"3216Anacex","3","Charco",2051,-579.148,1,"live","Control",0.0157275278738477,0.21429058583932
"140","aspicr","4",3011.74,97.198,0,0,97.198,"0",97.198,0.0322730381772663,1,2595.327,2647.21843319838,2037.433,3276.092,1238.659,"3216Anacex","3","Charco",2051,-579.148,1,"live","Control",0.546192086250403,-0.513919048073137
"141","aspicr","5",1219.012,902.314,0,0,902.314,"0",902.314,0.740201080875332,1,2595.327,2647.21843319838,2037.433,3276.092,1238.659,"3216Anacex","3","Charco",2051,-579.148,1,"live","Control",0.0114889742051967,0.728712106670135
"142","castel","1",4369.908,0,0,0,0,"792.872",0,0,2,2038.218,2074.2806626506,1874.868,2602.37,727.502,"3216Anacex","3","Charco",2051,-579.148,0,"live","Control",0,0
"143","castel","2",2203.744,0,0,0,0,"0",0,0,2,2038.218,2074.2806626506,1874.868,2602.37,727.502,"3216Anacex","3","Charco",2051,-579.148,0,"live","Control",0,0
"144","castel","3",1018.642,0,0,0,0,"1018.642",0,0,2,2038.218,2074.2806626506,1874.868,2602.37,727.502,"3216Anacex","3","Charco",2051,-579.148,0,"live","Control",0,0
"145","castel","4",446.082,0,0,0,0,"446.082",0,0,2,2038.218,2074.2806626506,1874.868,2602.37,727.502,"3216Anacex","3","Charco",2051,-579.148,0,"live","Control",0.021145958260855,-0.021145958260855
"146","castel","5",2539.299,0,0,0,0,"2539.299",0,0,2,2038.218,2074.2806626506,1874.868,2602.37,727.502,"3216Anacex","3","Charco",2051,-579.148,0,"live","Control",0,0
"147","dendar","1",4352.21,0,0,0,0,"0",0,0,3,2829.485,2653.96964566929,1755.882,3276.092,1520.21,"3216Anacex","3","Charco",2051,-579.148,0,"live","Control",0,0
"148","dendar","2",3516.863,0,0,0,0,"0",0,0,3,2829.485,2653.96964566929,1755.882,3276.092,1520.21,"3216Anacex","3","Charco",2051,-579.148,0,"live","Control",0,0
"149","dendar","3",5083.392,0,0,0,0,"0",0,0,3,2829.485,2653.96964566929,1755.882,3276.092,1520.21,"3216Anacex","3","Charco",2051,-579.148,0,"live","Control",0,0
"150","dendar","4",5271.75,0,0,0,0,"0",0,0,3,2829.485,2653.96964566929,1755.882,3276.092,1520.21,"3216Anacex","3","Charco",2051,-579.148,0,"live","Control",0,0
"151","dendar","5",3889.566,0,0,0,0,"0",0,0,3,2829.485,2653.96964566929,1755.882,3276.092,1520.21,"3216Anacex","3","Charco",2051,-579.148,0,"live","Control",0,0
"152","mourmy","1",178.983,0,0,0,0,"0",0,0,5,2580.578,2623.11627240143,2563.317,2864.436,301.119,"3216Anacex","3","Charco",2051,-579.148,0,"live","Control",0,0
"153","mourmy","2",260.727,8.524,0,0,8.524,"6.886",8.524,0.0326932001672247,5,2580.578,2623.11627240143,2563.317,2864.436,301.119,"3216Anacex","3","Charco",2051,-579.148,1,"live","Control",0,0.0326932001672247
"154","mourmy","3",242.235,42.548,0,0,42.548,"0",42.548,0.175647614919396,5,2580.578,2623.11627240143,2563.317,2864.436,301.119,"3216Anacex","3","Charco",2051,-579.148,1,"live","Control",0,0.175647614919396
"155","mourmy","4",291.438,14.767,0,0,14.767,"0",14.767,0.0506694391259891,5,2580.578,2623.11627240143,2563.317,2864.436,301.119,"3216Anacex","3","Charco",2051,-579.148,1,"live","Control",0,0.0506694391259891
"156","mourmy","5",170.575,110.872,0,0,110.872,"0",110.872,0.649989740583321,5,2580.578,2623.11627240143,2563.317,2864.436,301.119,"3216Anacex","3","Charco",2051,-579.148,1,"live","Control",0,0.649989740583321
"157","ormoma","1",3778.499,0,0,0,0,"0",0,0,6,2580.578,2581.15754545455,2037.433,2864.436,827.003,"3216Anacex","3","Charco",2051,-579.148,0,"live","Control",0,0
"158","ormoma","2",4678.919,0,0,0,0,"0",0,0,6,2580.578,2581.15754545455,2037.433,2864.436,827.003,"3216Anacex","3","Charco",2051,-579.148,0,"live","Control",0,0
"159","ormoma","3",3077.251,0,0,0,0,"0",0,0,6,2580.578,2581.15754545455,2037.433,2864.436,827.003,"3216Anacex","3","Charco",2051,-579.148,0,"live","Control",0,0
"160","ormoma","4",2540.49,0,0,0,0,"0",0,0,6,2580.578,2581.15754545455,2037.433,2864.436,827.003,"3216Anacex","3","Charco",2051,-579.148,0,"live","Control",0,0
"161","ormoma","5",1512.767,0,0,0,0,"0",0,0,6,2580.578,2581.15754545455,2037.433,2864.436,827.003,"3216Anacex","3","Charco",2051,-579.148,0,"live","Control",0,0
"162","randar","1",818.241,0,0,0,0,"818.241",0,0,7,2615.432,2696.05803703704,2563.317,2847.856,284.539,"3216Anacex","3","Charco",2051,-579.148,0,"live","Control",0.864237624063408,-0.864237624063408
"163","randar","2",668.176,0,0,0,0,"768.176",0,0,7,2615.432,2696.05803703704,2563.317,2847.856,284.539,"3216Anacex","3","Charco",2051,-579.148,0,"live","Control",0.770967191096,-0.770967191096
"164","randar","3",840.513,827.639,0,0,827.639,"0",827.639,0.984683163734529,7,2615.432,2696.05803703704,2563.317,2847.856,284.539,"3216Anacex","3","Charco",2051,-579.148,1,"live","Control",0.897093555969109,0.0875896077654201
"165","randar","4",745.445,677.622,0,0,677.622,"0",677.622,0.909016761799999,7,2615.432,2696.05803703704,2563.317,2847.856,284.539,"3216Anacex","3","Charco",2051,-579.148,1,"live","Control",0,0.909016761799999
"166","randar","5",610.595,476.579,0,0,476.579,"0",476.579,0.780515726463531,7,2615.432,2696.05803703704,2563.317,2847.856,284.539,"3216Anacex","3","Charco",2051,-579.148,1,"live","Control",0.864291854174041,-0.0837761277105091
"167","soroaf","1",697.579,0,0,0,0,"9.88",0,0,8,2491.762,2456.09698726115,2037.433,3276.092,1238.659,"3216Anacex","3","Charco",2051,-579.148,0,"live","Control",0,0
"168","soroaf","2",1496.53,0,0,0,0,"1496.53",0,0,8,2491.762,2456.09698726115,2037.433,3276.092,1238.659,"3216Anacex","3","Charco",2051,-579.148,0,"live","Control",0,0
"169","soroaf","3",3167.252,0,0,0,0,"0",0,0,8,2491.762,2456.09698726115,2037.433,3276.092,1238.659,"3216Anacex","3","Charco",2051,-579.148,0,"live","Control",0,0
"170","soroaf","4",3050.06,0,0,0,0,"0",0,0,8,2491.762,2456.09698726115,2037.433,3276.092,1238.659,"3216Anacex","3","Charco",2051,-579.148,0,"live","Control",0.0384142872849474,-0.0384142872849474
"171","soroaf","5",2492.59,0,0,0,0,"0",0,0,8,2491.762,2456.09698726115,2037.433,3276.092,1238.659,"3216Anacex","3","Charco",2051,-579.148,0,"live","Control",0,0
"172","aspicr","1",1935.429,0,0,0,0,"0",0,0,1,2595.327,2647.21843319838,2037.433,3276.092,1238.659,"5211Myrcga","5","Buena Vista",2595,-510.47,0,"live","Control",0,0
"173","aspicr","2",3308.625,0,0,0,0,"0",0,0,1,2595.327,2647.21843319838,2037.433,3276.092,1238.659,"5211Myrcga","5","Buena Vista",2595,-510.47,0,"live","Control",0,0
"174","aspicr","3",1693.907,0,0,0,0,"0",0,0,1,2595.327,2647.21843319838,2037.433,3276.092,1238.659,"5211Myrcga","5","Buena Vista",2595,-510.47,0,"live","Control",0,0
"175","aspicr","4",1692.52,0,0,0,0,"0",0,0,1,2595.327,2647.21843319838,2037.433,3276.092,1238.659,"5211Myrcga","5","Buena Vista",2595,-510.47,0,"live","Control",0,0
"176","aspicr","5",2796.078,0,0,0,0,"0",0,0,1,2595.327,2647.21843319838,2037.433,3276.092,1238.659,"5211Myrcga","5","Buena Vista",2595,-510.47,0,"live","Control",0,0
"177","castel","1",4050.15,0,0,0,0,"234.466",0,0,2,2038.218,2074.2806626506,1874.868,2602.37,727.502,"5211Myrcga","5","Buena Vista",2595,-510.47,0,"live","Control",0,0
"178","castel","2",3291.197,0,0,0,0,"0",0,0,2,2038.218,2074.2806626506,1874.868,2602.37,727.502,"5211Myrcga","5","Buena Vista",2595,-510.47,0,"live","Control",0,0
"179","castel","3",3682.713,0,0,0,0,"0",0,0,2,2038.218,2074.2806626506,1874.868,2602.37,727.502,"5211Myrcga","5","Buena Vista",2595,-510.47,0,"live","Control",0,0
"180","castel","4",2305.909,0,0,0,0,"0",0,0,2,2038.218,2074.2806626506,1874.868,2602.37,727.502,"5211Myrcga","5","Buena Vista",2595,-510.47,0,"live","Control",0,0
"181","castel","5",2503.762,175.966,0,0,175.966,"0",175.966,0.0702806416903843,2,2038.218,2074.2806626506,1874.868,2602.37,727.502,"5211Myrcga","5","Buena Vista",2595,-510.47,1,"live","Control",0,0.0702806416903843
"182","dendar","1",3611.537,0,0,0,0,"0",0,0,3,2829.485,2653.96964566929,1755.882,3276.092,1520.21,"5211Myrcga","5","Buena Vista",2595,-510.47,0,"live","Control",0,0
"183","dendar","2",3005.295,0,0,0,0,"0",0,0,3,2829.485,2653.96964566929,1755.882,3276.092,1520.21,"5211Myrcga","5","Buena Vista",2595,-510.47,0,"live","Control",0,0
"184","dendar","3",2196.606,0,0,0,0,"0",0,0,3,2829.485,2653.96964566929,1755.882,3276.092,1520.21,"5211Myrcga","5","Buena Vista",2595,-510.47,0,"live","Control",0,0
"185","dendar","4",3293.865,0,0,0,0,"0",0,0,3,2829.485,2653.96964566929,1755.882,3276.092,1520.21,"5211Myrcga","5","Buena Vista",2595,-510.47,0,"live","Control",0,0
"186","dendar","5",4364.587,0,0,0,0,"0",0,0,3,2829.485,2653.96964566929,1755.882,3276.092,1520.21,"5211Myrcga","5","Buena Vista",2595,-510.47,0,"live","Control",0.0698009957230038,-0.0698009957230038
"187","mourmy","1",296.887,0,0,0,0,"0",0,0,5,2580.578,2623.11627240143,2563.317,2864.436,301.119,"5211Myrcga","5","Buena Vista",2595,-510.47,0,"live","Control",0,0
"188","mourmy","2",134.543,0,0,0,0,"0",0,0,5,2580.578,2623.11627240143,2563.317,2864.436,301.119,"5211Myrcga","5","Buena Vista",2595,-510.47,0,"live","Control",0,0
"189","mourmy","3",182.551,0,0,0,0,"0",0,0,5,2580.578,2623.11627240143,2563.317,2864.436,301.119,"5211Myrcga","5","Buena Vista",2595,-510.47,0,"live","Control",0,0
"190","mourmy","4",134.882,0,0,0,0,"0",0,0,5,2580.578,2623.11627240143,2563.317,2864.436,301.119,"5211Myrcga","5","Buena Vista",2595,-510.47,0,"live","Control",0,0
"191","mourmy","5",139.657,4.809,0,0,4.809,"0",4.809,0.0344343641922711,5,2580.578,2623.11627240143,2563.317,2864.436,301.119,"5211Myrcga","5","Buena Vista",2595,-510.47,1,"live","Control",0,0.0344343641922711
"192","ormoma","1",1744.556,0,0,0,0,"0",0,0,6,2580.578,2581.15754545455,2037.433,2864.436,827.003,"5211Myrcga","5","Buena Vista",2595,-510.47,0,"live","Control",0,0
"193","ormoma","2",2112.883,0,0,0,0,"0",0,0,6,2580.578,2581.15754545455,2037.433,2864.436,827.003,"5211Myrcga","5","Buena Vista",2595,-510.47,0,"live","Control",0,0
"194","ormoma","3",3033.034,0,0,0,0,"0",0,0,6,2580.578,2581.15754545455,2037.433,2864.436,827.003,"5211Myrcga","5","Buena Vista",2595,-510.47,0,"live","Control",0,0
"195","ormoma","4",3924.255,0,0,0,0,"0",0,0,6,2580.578,2581.15754545455,2037.433,2864.436,827.003,"5211Myrcga","5","Buena Vista",2595,-510.47,0,"live","Control",0,0
"196","ormoma","5",3163.506,0,0,0,0,"0",0,0,6,2580.578,2581.15754545455,2037.433,2864.436,827.003,"5211Myrcga","5","Buena Vista",2595,-510.47,0,"live","Control",0,0
"197","randar","1",1617.372,0,0,0,0,"0",0,0,7,2615.432,2696.05803703704,2563.317,2847.856,284.539,"5211Myrcga","5","Buena Vista",2595,-510.47,0,"live","Control",0,0
"198","randar","2",1220.757,0,0,0,0,"0",0,0,7,2615.432,2696.05803703704,2563.317,2847.856,284.539,"5211Myrcga","5","Buena Vista",2595,-510.47,0,"live","Control",0.0145693109569757,-0.0145693109569757
"199","randar","3",1557.762,0,0,0,0,"0",0,0,7,2615.432,2696.05803703704,2563.317,2847.856,284.539,"5211Myrcga","5","Buena Vista",2595,-510.47,0,"live","Control",0,0
"200","randar","4",1132.145,0,0,0,0,"6.383",0,0,7,2615.432,2696.05803703704,2563.317,2847.856,284.539,"5211Myrcga","5","Buena Vista",2595,-510.47,0,"live","Control",0.0150313092375087,-0.0150313092375087
"201","randar","5",948.948,0,0,0,0,"0",0,0,7,2615.432,2696.05803703704,2563.317,2847.856,284.539,"5211Myrcga","5","Buena Vista",2595,-510.47,0,"live","Control",0,0
"202","tri2pa","1",1742.665,0,0,0,0,"12.048",0,0,9,2050.593,2157.9315,2037.433,2602.37,564.937,"5211Myrcga","5","Buena Vista",2595,-510.47,0,"live","Control",0.495142713604517,-0.495142713604517
"203","tri2pa","2",1279.424,25.698,58.926,24.281,108.905,"0",108.905,0.0851203354009304,9,2050.593,2157.9315,2037.433,2602.37,564.937,"5211Myrcga","5","Buena Vista",2595,-510.47,1,"live","Control",0.317626530481196,-0.232506195080266
"204","tri2pa","3",942.491,15.401,0,0,15.401,"0",15.401,0.0163407395932693,9,2050.593,2157.9315,2037.433,2602.37,564.937,"5211Myrcga","5","Buena Vista",2595,-510.47,1,"live","Control",0,0.0163407395932693
"205","tri2pa","4",1136.602,0,0,0,0,"12.953",0,0,9,2050.593,2157.9315,2037.433,2602.37,564.937,"5211Myrcga","5","Buena Vista",2595,-510.47,0,"live","Control",0.18252757524771,-0.18252757524771
"206","tri2pa","5",1088.448,0,0,0,0,"33.568",0,0,9,2050.593,2157.9315,2037.433,2602.37,564.937,"5211Myrcga","5","Buena Vista",2595,-510.47,0,"live","Control",0.357691454204539,-0.357691454204539
"207","aspicr","1",8886.426,0,0,0,0,"0",0,0,1,2595.327,2647.21843319838,2037.433,3276.092,1238.659,"5214Calolo","5","Buena Vista",2595,-510.47,0,"live","Control",0,0
"208","aspicr","2",4549.241,0,0,0,0,"0",0,0,1,2595.327,2647.21843319838,2037.433,3276.092,1238.659,"5214Calolo","5","Buena Vista",2595,-510.47,0,"live","Control",0,0
"209","aspicr","3",4950.236,0,0,0,0,"0",0,0,1,2595.327,2647.21843319838,2037.433,3276.092,1238.659,"5214Calolo","5","Buena Vista",2595,-510.47,0,"live","Control",0,0
"210","aspicr","4",10038.514,0,0,0,0,"0",0,0,1,2595.327,2647.21843319838,2037.433,3276.092,1238.659,"5214Calolo","5","Buena Vista",2595,-510.47,0,"live","Control",0.840134858329336,-0.840134858329336
"211","aspicr","5",9175.697,0,0,0,0,"0",0,0,1,2595.327,2647.21843319838,2037.433,3276.092,1238.659,"5214Calolo","5","Buena Vista",2595,-510.47,0,"live","Control",0,0
"212","castel","1",1551.294,0,0,0,0,"1551.294",0,0,2,2038.218,2074.2806626506,1874.868,2602.37,727.502,"5214Calolo","5","Buena Vista",2595,-510.47,0,"live","Control",0,0
"213","castel","2",960.823,0,0,0,0,"960.823",0,0,2,2038.218,2074.2806626506,1874.868,2602.37,727.502,"5214Calolo","5","Buena Vista",2595,-510.47,0,"live","Control",0,0
"214","castel","3",3497.474,0,0,0,0,"3497.474",0,0,2,2038.218,2074.2806626506,1874.868,2602.37,727.502,"5214Calolo","5","Buena Vista",2595,-510.47,0,"live","Control",0.930739659139132,-0.930739659139132
"215","castel","4",3175.589,0,0,0,0,"3175.589",0,0,2,2038.218,2074.2806626506,1874.868,2602.37,727.502,"5214Calolo","5","Buena Vista",2595,-510.47,0,"live","Control",0.0344083063507433,-0.0344083063507433
"216","castel","5",10558.479,0,0,0,0,"10558.479",0,0,2,2038.218,2074.2806626506,1874.868,2602.37,727.502,"5214Calolo","5","Buena Vista",2595,-510.47,0,"live","Control",0,0
"217","dendar","1",8832.815,0,0,0,0,"0",0,0,3,2829.485,2653.96964566929,1755.882,3276.092,1520.21,"5214Calolo","5","Buena Vista",2595,-510.47,0,"live","Control",0,0
"218","dendar","2",8894.257,0,0,0,0,"0",0,0,3,2829.485,2653.96964566929,1755.882,3276.092,1520.21,"5214Calolo","5","Buena Vista",2595,-510.47,0,"live","Control",0,0
"219","dendar","3",7178.456,0,0,0,0,"0",0,0,3,2829.485,2653.96964566929,1755.882,3276.092,1520.21,"5214Calolo","5","Buena Vista",2595,-510.47,0,"live","Control",0,0
"220","dendar","4",7659.167,0,0,0,0,"0",0,0,3,2829.485,2653.96964566929,1755.882,3276.092,1520.21,"5214Calolo","5","Buena Vista",2595,-510.47,0,"live","Control",0,0
"221","dendar","5",9538.252,0,0,0,0,"0",0,0,3,2829.485,2653.96964566929,1755.882,3276.092,1520.21,"5214Calolo","5","Buena Vista",2595,-510.47,0,"live","Control",0,0
"222","mourmy","1",536.556,25.234,0,0,25.234,"0",25.234,0.0470295738003116,5,2580.578,2623.11627240143,2563.317,2864.436,301.119,"5214Calolo","5","Buena Vista",2595,-510.47,1,"live","Control",0,0.0470295738003116
"223","mourmy","2",125.459,0,0,0,0,"0",0,0,5,2580.578,2623.11627240143,2563.317,2864.436,301.119,"5214Calolo","5","Buena Vista",2595,-510.47,0,"live","Control",0,0
"224","mourmy","3",145.29,0,0,0,0,"0",0,0,5,2580.578,2623.11627240143,2563.317,2864.436,301.119,"5214Calolo","5","Buena Vista",2595,-510.47,0,"live","Control",0,0
"225","mourmy","4",176.917,0,0,0,0,"0",0,0,5,2580.578,2623.11627240143,2563.317,2864.436,301.119,"5214Calolo","5","Buena Vista",2595,-510.47,0,"live","Control",0,0
"226","mourmy","5",116.74,0,0,0,0,"0",0,0,5,2580.578,2623.11627240143,2563.317,2864.436,301.119,"5214Calolo","5","Buena Vista",2595,-510.47,0,"live","Control",0,0
"227","ormoma","1",5507.318,0,0,0,0,"0",0,0,6,2580.578,2581.15754545455,2037.433,2864.436,827.003,"5214Calolo","5","Buena Vista",2595,-510.47,0,"live","Control",0,0
"228","ormoma","2",6256.723,0,0,0,0,"0",0,0,6,2580.578,2581.15754545455,2037.433,2864.436,827.003,"5214Calolo","5","Buena Vista",2595,-510.47,0,"live","Control",0,0
"229","ormoma","3",7613.902,0,0,0,0,"0",0,0,6,2580.578,2581.15754545455,2037.433,2864.436,827.003,"5214Calolo","5","Buena Vista",2595,-510.47,0,"live","Control",0,0
"230","ormoma","4",3179.495,0,0,0,0,"0",0,0,6,2580.578,2581.15754545455,2037.433,2864.436,827.003,"5214Calolo","5","Buena Vista",2595,-510.47,0,"live","Control",0,0
"231","ormoma","5",4087.776,0,0,0,0,"0",0,0,6,2580.578,2581.15754545455,2037.433,2864.436,827.003,"5214Calolo","5","Buena Vista",2595,-510.47,0,"live","Control",0,0
"232","randar","1",793.305,11.206,6.742,0,17.948,"0",17.948,0.0226243374238156,7,2615.432,2696.05803703704,2563.317,2847.856,284.539,"5214Calolo","5","Buena Vista",2595,-510.47,1,"live","Control",0,0.0226243374238156
"233","randar","2",619.271,609.997,0,0,609.997,"0",609.997,0.98502432699093,7,2615.432,2696.05803703704,2563.317,2847.856,284.539,"5214Calolo","5","Buena Vista",2595,-510.47,1,"live","Control",0.0463130312372485,0.938711295753681
"234","randar","3",940.97,0,0,0,0,"50.955",0,0,7,2615.432,2696.05803703704,2563.317,2847.856,284.539,"5214Calolo","5","Buena Vista",2595,-510.47,0,"live","Control",0.125629585480919,-0.125629585480919
"235","randar","4",902.244,11.482,0,0,11.482,"0",11.482,0.0127260474993461,7,2615.432,2696.05803703704,2563.317,2847.856,284.539,"5214Calolo","5","Buena Vista",2595,-510.47,1,"live","Control",0.747931035078654,-0.735204987579308
"236","randar","5",776.043,74.621,89.679,84.124,248.424,"0",248.424,0.32011628221632,7,2615.432,2696.05803703704,2563.317,2847.856,284.539,"5214Calolo","5","Buena Vista",2595,-510.47,1,"live","Control",0.0853608958643884,0.234755386351932
"237","soroaf","1",6476.296,0,0,0,0,"0",0,0,8,2491.762,2456.09698726115,2037.433,3276.092,1238.659,"5214Calolo","5","Buena Vista",2595,-510.47,0,"live","Control",0,0
"238","soroaf","2",4652.536,0,0,0,0,"0",0,0,8,2491.762,2456.09698726115,2037.433,3276.092,1238.659,"5214Calolo","5","Buena Vista",2595,-510.47,0,"live","Control",0,0
"239","soroaf","3",4374.182,0,0,0,0,"0",0,0,8,2491.762,2456.09698726115,2037.433,3276.092,1238.659,"5214Calolo","5","Buena Vista",2595,-510.47,0,"live","Control",0.326643738620271,-0.326643738620271
"240","soroaf","4",4121.943,0,0,0,0,"0",0,0,8,2491.762,2456.09698726115,2037.433,3276.092,1238.659,"5214Calolo","5","Buena Vista",2595,-510.47,0,"live","Control",0,0
"241","soroaf","5",2076.026,0,0,0,0,"0",0,0,8,2491.762,2456.09698726115,2037.433,3276.092,1238.659,"5214Calolo","5","Buena Vista",2595,-510.47,0,"live","Control",0,0
"242","aspicr","1",2111.047,0,0,0,0,"0",0,0,1,2595.327,2647.21843319838,2037.433,3276.092,1238.659,"5323Laciag","5","Buena Vista",2595,-510.47,0,"live","Control",0.870641945431248,-0.870641945431248
"243","aspicr","2",3900.065,0,0,0,0,"0",0,0,1,2595.327,2647.21843319838,2037.433,3276.092,1238.659,"5323Laciag","5","Buena Vista",2595,-510.47,0,"live","Control",0,0
"244","aspicr","3",2448.334,0,0,0,0,"0",0,0,1,2595.327,2647.21843319838,2037.433,3276.092,1238.659,"5323Laciag","5","Buena Vista",2595,-510.47,0,"live","Control",0,0
"245","aspicr","4",3090.581,0,0,0,0,"0",0,0,1,2595.327,2647.21843319838,2037.433,3276.092,1238.659,"5323Laciag","5","Buena Vista",2595,-510.47,0,"live","Control",0,0
"246","aspicr","5",2321.828,0,0,0,0,"0",0,0,1,2595.327,2647.21843319838,2037.433,3276.092,1238.659,"5323Laciag","5","Buena Vista",2595,-510.47,0,"live","Control",0,0
"247","castel","1",801.306,0,0,0,0,"0",0,0,2,2038.218,2074.2806626506,1874.868,2602.37,727.502,"5323Laciag","5","Buena Vista",2595,-510.47,0,"live","Control",0,0
"248","castel","2",1076.412,0,0,0,0,"1076.412",0,0,2,2038.218,2074.2806626506,1874.868,2602.37,727.502,"5323Laciag","5","Buena Vista",2595,-510.47,0,"live","Control",0,0
"249","castel","3",3165.85,0,0,0,0,"0",0,0,2,2038.218,2074.2806626506,1874.868,2602.37,727.502,"5323Laciag","5","Buena Vista",2595,-510.47,0,"live","Control",0,0
"250","castel","4",8852.183,3092.425,0,0,3092.425,"0",3092.425,0.349340383044499,2,2038.218,2074.2806626506,1874.868,2602.37,727.502,"5323Laciag","5","Buena Vista",2595,-510.47,1,"live","Control",0,0.349340383044499
"251","castel","5",2584.428,0,0,0,0,"2584.428",0,0,2,2038.218,2074.2806626506,1874.868,2602.37,727.502,"5323Laciag","5","Buena Vista",2595,-510.47,0,"live","Control",0,0
"252","dendar","1",2156.43,0,0,0,0,"0",0,0,3,2829.485,2653.96964566929,1755.882,3276.092,1520.21,"5323Laciag","5","Buena Vista",2595,-510.47,0,"live","Control",0,0
"253","dendar","2",2142.952,0,0,0,0,"0",0,0,3,2829.485,2653.96964566929,1755.882,3276.092,1520.21,"5323Laciag","5","Buena Vista",2595,-510.47,0,"live","Control",0,0
"254","dendar","3",3251.249,0,0,0,0,"0",0,0,3,2829.485,2653.96964566929,1755.882,3276.092,1520.21,"5323Laciag","5","Buena Vista",2595,-510.47,0,"live","Control",0,0
"255","dendar","4",4447.257,0,0,0,0,"0",0,0,3,2829.485,2653.96964566929,1755.882,3276.092,1520.21,"5323Laciag","5","Buena Vista",2595,-510.47,0,"live","Control",0,0
"256","dendar","5",1709.386,0,0,0,0,"0",0,0,3,2829.485,2653.96964566929,1755.882,3276.092,1520.21,"5323Laciag","5","Buena Vista",2595,-510.47,0,"live","Control",0,0
"257","mourmy","1",136.965,0,0,0,0,"0",0,0,5,2580.578,2623.11627240143,2563.317,2864.436,301.119,"5323Laciag","5","Buena Vista",2595,-510.47,0,"live","Control",0,0
"258","mourmy","2",132.577,24.106,0,0,24.106,"0",24.106,0.181826410312498,5,2580.578,2623.11627240143,2563.317,2864.436,301.119,"5323Laciag","5","Buena Vista",2595,-510.47,1,"live","Control",0,0.181826410312498
"259","mourmy","3",157.921,0,0,0,0,"0",0,0,5,2580.578,2623.11627240143,2563.317,2864.436,301.119,"5323Laciag","5","Buena Vista",2595,-510.47,0,"live","Control",0,0
"260","mourmy","4",128.954,0,0,0,0,"0",0,0,5,2580.578,2623.11627240143,2563.317,2864.436,301.119,"5323Laciag","5","Buena Vista",2595,-510.47,0,"live","Control",0,0
"261","mourmy","5",130.504,0,0,0,0,"0",0,0,5,2580.578,2623.11627240143,2563.317,2864.436,301.119,"5323Laciag","5","Buena Vista",2595,-510.47,0,"live","Control",0,0
"262","ormoma","1",4554.177,0,0,0,0,"0",0,0,6,2580.578,2581.15754545455,2037.433,2864.436,827.003,"5323Laciag","5","Buena Vista",2595,-510.47,0,"live","Control",0,0
"263","ormoma","2",4005.524,0,0,0,0,"0",0,0,6,2580.578,2581.15754545455,2037.433,2864.436,827.003,"5323Laciag","5","Buena Vista",2595,-510.47,0,"live","Control",0,0
"264","ormoma","3",4552.659,0,0,0,0,"0",0,0,6,2580.578,2581.15754545455,2037.433,2864.436,827.003,"5323Laciag","5","Buena Vista",2595,-510.47,0,"live","Control",0,0
"265","ormoma","4",1908.712,0,0,0,0,"0",0,0,6,2580.578,2581.15754545455,2037.433,2864.436,827.003,"5323Laciag","5","Buena Vista",2595,-510.47,0,"live","Control",0,0
"266","ormoma","5",1286.329,0,0,0,0,"0",0,0,6,2580.578,2581.15754545455,2037.433,2864.436,827.003,"5323Laciag","5","Buena Vista",2595,-510.47,0,"live","Control",0,0
"267","randar","1",2767.795,0,0,0,0,"0",0,0,7,2615.432,2696.05803703704,2563.317,2847.856,284.539,"5323Laciag","5","Buena Vista",2595,-510.47,0,"live","Control",0,0
"268","randar","2",618.9,0,0,0,0,"618.9",0,0,7,2615.432,2696.05803703704,2563.317,2847.856,284.539,"5323Laciag","5","Buena Vista",2595,-510.47,0,"live","Control",0.199887561769509,-0.199887561769509
"269","randar","3",1300.86,966.727,0,0,966.727,"0",966.727,0.743144535153668,7,2615.432,2696.05803703704,2563.317,2847.856,284.539,"5323Laciag","5","Buena Vista",2595,-510.47,1,"live","Control",0.922556283533034,-0.179411748379366
"270","randar","4",923.188,898.651,0,0,898.651,"0",898.651,0.973421448285723,7,2615.432,2696.05803703704,2563.317,2847.856,284.539,"5323Laciag","5","Buena Vista",2595,-510.47,1,"live","Control",0.610041126225878,0.363380322059845
"271","randar","5",847.122,15.328,5.431,0,20.759,"0",20.759,0.0245053250889482,7,2615.432,2696.05803703704,2563.317,2847.856,284.539,"5323Laciag","5","Buena Vista",2595,-510.47,1,"live","Control",0,0.0245053250889482
"272","soroaf","1",1554.274,0,0,0,0,"0",0,0,8,2491.762,2456.09698726115,2037.433,3276.092,1238.659,"5323Laciag","5","Buena Vista",2595,-510.47,0,"live","Control",0,0
"273","soroaf","2",2712.087,0,0,0,0,"2712.087",0,0,8,2491.762,2456.09698726115,2037.433,3276.092,1238.659,"5323Laciag","5","Buena Vista",2595,-510.47,0,"live","Control",0,0
"274","soroaf","3",1996.635,0,0,0,0,"1996.635",0,0,8,2491.762,2456.09698726115,2037.433,3276.092,1238.659,"5323Laciag","5","Buena Vista",2595,-510.47,0,"live","Control",0,0
"275","soroaf","4",1525.189,0,0,0,0,"1525.189",0,0,8,2491.762,2456.09698726115,2037.433,3276.092,1238.659,"5323Laciag","5","Buena Vista",2595,-510.47,0,"live","Control",0,0
"276","soroaf","5",4029.084,0,0,0,0,"4029.084",0,0,8,2491.762,2456.09698726115,2037.433,3276.092,1238.659,"5323Laciag","5","Buena Vista",2595,-510.47,0,"live","Control",0,0
"277","aspicr","1",10467.146,0,0,0,0,"0",0,0,1,2595.327,2647.21843319838,2037.433,3276.092,1238.659,"5324Propta","5","Buena Vista",2595,-510.47,0,"live","Control",0,0
"278","aspicr","2",3928.48,471.488,602.404,0,1073.892,"0",1073.892,0.273360689121492,1,2595.327,2647.21843319838,2037.433,3276.092,1238.659,"5324Propta","5","Buena Vista",2595,-510.47,1,"live","Control",0,0.273360689121492
"279","aspicr","3",5158.643,0,0,0,0,"0",0,0,1,2595.327,2647.21843319838,2037.433,3276.092,1238.659,"5324Propta","5","Buena Vista",2595,-510.47,0,"live","Control",0,0
"280","aspicr","4",6818.132,0,0,0,0,"0",0,0,1,2595.327,2647.21843319838,2037.433,3276.092,1238.659,"5324Propta","5","Buena Vista",2595,-510.47,0,"live","Control",0,0
"281","aspicr","5",4798.132,0,0,0,0,"0",0,0,1,2595.327,2647.21843319838,2037.433,3276.092,1238.659,"5324Propta","5","Buena Vista",2595,-510.47,0,"live","Control",0,0
"282","castel","1",9249.397,180.91,0,0,180.91,"909.805",180.91,0.0195591128805478,2,2038.218,2074.2806626506,1874.868,2602.37,727.502,"5324Propta","5","Buena Vista",2595,-510.47,1,"live","Control",0,0.0195591128805478
"283","castel","2",15676.039,0,0,0,0,"0",0,0,2,2038.218,2074.2806626506,1874.868,2602.37,727.502,"5324Propta","5","Buena Vista",2595,-510.47,0,"live","Control",0,0
"284","castel","3",8815.441,0,0,0,0,"0",0,0,2,2038.218,2074.2806626506,1874.868,2602.37,727.502,"5324Propta","5","Buena Vista",2595,-510.47,0,"live","Control",0,0
"285","castel","4",7065.774,0,0,0,0,"7065.774",0,0,2,2038.218,2074.2806626506,1874.868,2602.37,727.502,"5324Propta","5","Buena Vista",2595,-510.47,0,"live","Control",0,0
"286","castel","5",6341.285,0,0,0,0,"0",0,0,2,2038.218,2074.2806626506,1874.868,2602.37,727.502,"5324Propta","5","Buena Vista",2595,-510.47,0,"live","Control",0,0
"287","dendar","1",10213.02,0,0,0,0,"0",0,0,3,2829.485,2653.96964566929,1755.882,3276.092,1520.21,"5324Propta","5","Buena Vista",2595,-510.47,0,"live","Control",0,0
"288","dendar","2",15181.884,0,0,0,0,"0",0,0,3,2829.485,2653.96964566929,1755.882,3276.092,1520.21,"5324Propta","5","Buena Vista",2595,-510.47,0,"live","Control",0,0
"289","dendar","3",9712.606,0,0,0,0,"0",0,0,3,2829.485,2653.96964566929,1755.882,3276.092,1520.21,"5324Propta","5","Buena Vista",2595,-510.47,0,"live","Control",0,0
"290","dendar","4",14367.788,0,0,0,0,"0",0,0,3,2829.485,2653.96964566929,1755.882,3276.092,1520.21,"5324Propta","5","Buena Vista",2595,-510.47,0,"live","Control",0,0
"291","dendar","5",14951.137,0,0,0,0,"0",0,0,3,2829.485,2653.96964566929,1755.882,3276.092,1520.21,"5324Propta","5","Buena Vista",2595,-510.47,0,"live","Control",0,0
"292","mourmy","1",164.882,0,0,0,0,"0",0,0,5,2580.578,2623.11627240143,2563.317,2864.436,301.119,"5324Propta","5","Buena Vista",2595,-510.47,0,"live","Control",0,0
"293","mourmy","2",265.757,10.151,10.61,8.787,29.548,"0",29.548,0.111184277366165,5,2580.578,2623.11627240143,2563.317,2864.436,301.119,"5324Propta","5","Buena Vista",2595,-510.47,1,"live","Control",0.0567037625861155,0.0544805147800498
"294","mourmy","3",254.056,0,0,0,0,"0",0,0,5,2580.578,2623.11627240143,2563.317,2864.436,301.119,"5324Propta","5","Buena Vista",2595,-510.47,0,"live","Control",0.943600506935962,-0.943600506935962
"295","mourmy","4",256.605,247.894,0,0,247.894,"0",247.894,0.966052882835486,5,2580.578,2623.11627240143,2563.317,2864.436,301.119,"5324Propta","5","Buena Vista",2595,-510.47,1,"live","Control",0.374864126443197,0.591188756392289
"296","mourmy","5",261.496,44.984,0,0,44.984,"0",44.984,0.172025575917031,5,2580.578,2623.11627240143,2563.317,2864.436,301.119,"5324Propta","5","Buena Vista",2595,-510.47,1,"live","Control",0.0547774326688824,0.117248143248149
"297","ormoma","1",6209.464,0,0,0,0,"0",0,0,6,2580.578,2581.15754545455,2037.433,2864.436,827.003,"5324Propta","5","Buena Vista",2595,-510.47,0,"live","Control",0,0
"298","ormoma","2",7400.845,0,0,0,0,"0",0,0,6,2580.578,2581.15754545455,2037.433,2864.436,827.003,"5324Propta","5","Buena Vista",2595,-510.47,0,"live","Control",0,0
"299","ormoma","3",4800.406,0,0,0,0,"0",0,0,6,2580.578,2581.15754545455,2037.433,2864.436,827.003,"5324Propta","5","Buena Vista",2595,-510.47,0,"live","Control",0,0
"300","ormoma","4",4353.787,0,0,0,0,"0",0,0,6,2580.578,2581.15754545455,2037.433,2864.436,827.003,"5324Propta","5","Buena Vista",2595,-510.47,0,"live","Control",0,0
"301","ormoma","5",5037.096,0,0,0,0,"0",0,0,6,2580.578,2581.15754545455,2037.433,2864.436,827.003,"5324Propta","5","Buena Vista",2595,-510.47,0,"live","Control",0,0
"302","randar","1",1316.685,0,0,0,0,"0",0,0,7,2615.432,2696.05803703704,2563.317,2847.856,284.539,"5324Propta","5","Buena Vista",2595,-510.47,0,"live","Control",0,0
"303","randar","2",867.923,0,0,0,0,"0",0,0,7,2615.432,2696.05803703704,2563.317,2847.856,284.539,"5324Propta","5","Buena Vista",2595,-510.47,0,"live","Control",0,0
"304","randar","3",1585.34,0,0,0,0,"0",0,0,7,2615.432,2696.05803703704,2563.317,2847.856,284.539,"5324Propta","5","Buena Vista",2595,-510.47,0,"live","Control",0,0
"305","randar","4",1039.445,0,0,0,0,"0",0,0,7,2615.432,2696.05803703704,2563.317,2847.856,284.539,"5324Propta","5","Buena Vista",2595,-510.47,0,"live","Control",0,0
"306","randar","5",918.084,0,0,0,0,"0",0,0,7,2615.432,2696.05803703704,2563.317,2847.856,284.539,"5324Propta","5","Buena Vista",2595,-510.47,0,"live","Control",0,0
"307","tri2pa","1",1130.777,0,0,0,0,"0",0,0,9,2050.593,2157.9315,2037.433,2602.37,564.937,"5324Propta","5","Buena Vista",2595,-510.47,0,"live","Control",0,0
"308","tri2pa","2",1904.036,0,0,0,0,"0",0,0,9,2050.593,2157.9315,2037.433,2602.37,564.937,"5324Propta","5","Buena Vista",2595,-510.47,0,"live","Control",0,0
"309","tri2pa","3",2079.073,0,0,0,0,"0",0,0,9,2050.593,2157.9315,2037.433,2602.37,564.937,"5324Propta","5","Buena Vista",2595,-510.47,0,"live","Control",0,0
"310","tri2pa","4",2105.506,0,0,0,0,"0",0,0,9,2050.593,2157.9315,2037.433,2602.37,564.937,"5324Propta","5","Buena Vista",2595,-510.47,0,"live","Control",0,0
"311","tri2pa","5",1910.548,0,0,0,0,"0",0,0,9,2050.593,2157.9315,2037.433,2602.37,564.937,"5324Propta","5","Buena Vista",2595,-510.47,0,"live","Control",0,0
